City,Lat,Lon,Max Temp,Humidity,Cloudiness,Wind Speed,Country,Date
Tiarei,-17.5333,-149.3333,27.01,76,76,2.4,PF,1621916776
Bandarbeyla,9.4942,50.8122,28.32,65,0,8.94,SO,1621916937
Fukuechō,32.6881,128.8419,24.2,64,0,6.17,JP,1621917359
Ushuaia,-54.8,-68.3,-2.19,86,90,10.29,AR,1621916763
Arlit,18.7369,7.3853,29.93,9,0,2.97,NE,1621917360
Bereket,39.2446,55.5154,31.7,24,1,2.18,TM,1621917360
Mantes-la-Ville,48.9737,1.7025,7.0,92,60,5.94,FR,1621917360
Berdigestyakh,62.0989,126.6992,7.59,81,100,3.15,RU,1621917189
Broken Hill,-31.95,141.4333,16.84,67,75,6.69,AU,1621917361
Vila Franca do Campo,37.7167,-25.4333,17.23,68,100,4.42,PT,1621916788
Bredasdorp,-34.5322,20.0403,11.62,79,92,1.85,ZA,1621916780
Marsh Harbour,26.5412,-77.0636,23.74,64,0,5.61,BS,1621917327
Port Alfred,-33.5906,26.891,18.88,60,100,4.18,ZA,1621916789
Grande Prairie,55.1667,-118.8027,15.1,51,75,7.72,CA,1621917234
Busselton,-33.65,115.3333,16.69,53,99,0.77,AU,1621916770
East London,-33.0153,27.9116,15.52,63,0,1.54,ZA,1621916824
Vardø,70.3705,31.1107,2.11,65,17,1.84,NO,1621916800
Rikitea,-23.1203,-134.9692,24.23,82,100,4.27,PF,1621916768
Cape Town,-33.9258,18.4232,15.3,91,90,2.58,ZA,1621916657
Laas,46.6166,10.7002,8.56,99,100,0.87,IT,1621917362
Albany,42.6001,-73.9662,12.76,72,71,2.56,US,1621916754
Maragogi,-9.0122,-35.2225,23.83,74,78,2.19,BR,1621917363
Khāsh,28.2211,61.2158,32.09,12,2,2.74,IR,1621917363
New Norfolk,-42.7826,147.0587,16.86,48,100,4.78,AU,1621916799
Tiksi,71.6872,128.8694,4.11,87,12,2.43,RU,1621916777
Katangli,51.7102,143.2326,2.27,86,100,4.95,RU,1621917364
Punta Arenas,-53.15,-70.9167,0.06,75,40,10.54,CL,1621917081
Salinas,36.6777,-121.6555,13.55,63,1,4.63,US,1621916894
Inírida,3.8653,-67.9239,23.18,98,89,0.63,CO,1621916814
Puerto Ayora,-0.7393,-90.3518,23.64,91,63,2.24,EC,1621916787
Dingle,10.9995,122.6711,32.83,55,72,3.2,PH,1621916917
Hermanus,-34.4187,19.2345,12.67,76,96,2.01,ZA,1621916779
Malangali,-8.5667,34.85,14.42,76,14,4.8,TZ,1621917364
Severo-Kuril'sk,50.6789,156.125,5.85,69,100,6.22,RU,1621916765
Staraya Toropa,56.2801,31.6702,10.91,75,58,1.18,RU,1621917365
Jatai,-17.8814,-51.7144,15.22,56,72,1.89,BR,1621917365
Talnakh,69.4865,88.3972,-1.7,85,100,8.63,RU,1621917366
Itacaré,-14.2775,-38.9967,22.18,88,100,2.03,BR,1621917366
Riohacha,11.5444,-72.9072,26.12,83,96,5.56,CO,1621917366
Tual,-5.6667,132.75,28.1,79,42,9.01,ID,1621916877
Nabire,-3.3667,135.4833,30.3,65,81,1.85,ID,1621917167
Bluff,-46.6,168.3333,9.89,63,3,1.11,NZ,1621916778
Jamestown,42.097,-79.2353,17.9,89,75,0.45,US,1621917231
Bethel,41.3712,-73.414,12.02,65,90,2.57,US,1621916801
Saint-Philippe,-21.3585,55.7679,22.3,76,21,3.37,RE,1621916810
Shūshtar,32.0455,48.8567,37.45,13,12,2.08,IR,1621917367
Leningradskiy,69.3833,178.4167,1.74,94,99,3.84,RU,1621917367
Atuona,-9.8,-139.0333,26.82,73,1,8.27,PF,1621917368
Pisco,-13.7,-76.2167,17.03,82,12,2.06,PE,1621917287
Kavieng,-2.5744,150.7967,27.46,82,100,3.43,PG,1621916897
Iki-Burul,45.8208,44.6472,15.19,84,100,4.43,RU,1621917368
San Patricio,28.017,-97.5169,25.49,89,5,6.03,US,1621916771
São Filipe,14.8961,-24.4956,22.36,79,2,3.81,CV,1621916892
Mataura,-46.1927,168.8643,3.74,84,1,0.97,NZ,1621917369
Ribeira Grande,38.5167,-28.7,17.59,83,100,10.34,PT,1621916802
Qasigiannguit,68.8193,-51.1922,7.14,39,100,13.43,GL,1621917369
Kapaa,22.0752,-159.319,25.95,72,75,0.45,US,1621916774
Cockburn Town,21.4612,-71.1419,26.01,79,19,9.17,TC,1621916787
Nikolskoye,59.7035,30.7861,9.24,79,90,1.74,RU,1621916772
Mahébourg,-20.4081,57.7,24.16,78,40,2.57,MU,1621916544
Lata,40.1629,-8.3327,7.3,95,1,1.89,PT,1621916819
Hobart,-42.8794,147.3294,16.58,63,0,1.79,AU,1621916622
Soyaux,45.65,0.2,8.2,93,75,3.09,FR,1621917370
Saint George,37.1041,-113.5841,23.16,16,1,0.45,US,1621916571
Urubichá,-15.3833,-62.95,16.86,55,98,0.64,BO,1621917371
Praia da Vitória,38.7333,-27.0667,17.14,82,40,8.8,PT,1621917371
Avarua,-21.2078,-159.775,27.03,89,40,4.12,CK,1621917371
Chokurdakh,70.6333,147.9167,2.4,99,99,2.55,RU,1621916653
Klaksvík,62.2266,-6.589,7.51,93,100,7.33,FO,1621916872
Almenara,-16.1836,-40.6944,20.63,67,96,0.11,BR,1621917372
Doumé,4.2333,13.45,20.19,98,39,0.76,CM,1621917372
El Alto,-4.2714,-81.2147,19.4,87,65,6.63,PE,1621917373
Cidreira,-30.1811,-50.2056,12.3,78,0,5.72,BR,1621916775
Jalu,29.0331,21.5482,23.91,13,0,4.1,LY,1621916839
Lodja,-3.4833,23.4333,19.14,76,55,1.05,CD,1621917373
Mount Isa,-20.7333,139.5,28.87,32,40,3.6,AU,1621916794
Chagoda,59.164,35.3285,11.09,66,7,3.17,RU,1621917374
Yellowknife,62.456,-114.3525,-1.45,55,1,2.24,CA,1621917352
Saint Paul Harbor,57.79,-152.4072,13.73,47,1,3.09,US,1621916790
Salinópolis,-0.6136,-47.3561,26.7,85,18,4.95,BR,1621917374
Mlonggo,-6.5333,110.7,30.94,60,53,2.5,ID,1621917374
Havøysund,70.9963,24.6622,2.49,61,16,3.05,NO,1621916797
Teguise,29.0605,-13.564,17.12,83,20,11.73,ES,1621916847
Grindavik,63.8424,-22.4338,5.95,73,40,9.68,IS,1621917375
Ketchikan,55.3422,-131.6461,13.26,58,40,3.09,US,1621917375
Hilo,19.7297,-155.09,24.11,85,90,4.12,US,1621917121
Ryōtsu-minato,38.0833,138.4333,19.98,62,98,2.5,JP,1621917376
Luau,-10.7073,22.2247,11.33,74,42,1.62,AO,1621917376
Sitka,57.0531,-135.33,8.56,80,96,0.48,US,1621917376
Cuiluan,47.72,128.648,14.87,33,86,5.42,CN,1621917377
Sola,-13.8833,167.55,25.54,76,98,9.52,VU,1621916912
Thompson,55.7435,-97.8558,10.09,93,90,3.6,CA,1621916846
Clyde River,70.4692,-68.5914,-4.87,100,90,13.89,CA,1621916855
Ballina,-28.8667,153.5667,19.25,73,75,3.09,AU,1621916796
Plouzané,48.3833,-4.6167,9.52,83,75,8.96,FR,1621917377
Torbay,47.6666,-52.7314,-0.84,81,20,4.12,CA,1621916793
Morón,-34.6534,-58.6198,12.43,73,0,1.79,AR,1621917378
Vaini,-21.2,-175.2,24.09,78,75,2.57,TO,1621917378
Dikson,73.5069,80.5464,-2.06,75,12,4.78,RU,1621916780
Bathsheba,13.2167,-59.5167,26.34,74,40,7.19,BB,1621916821
Apollonia,36.9716,24.7231,22.42,77,0,5.87,GR,1621917379
Qaanaaq,77.484,-69.3632,-3.71,64,4,3.33,GL,1621916829
Kirakira,-10.4544,161.9205,27.35,78,77,4.91,SB,1621916843
Souillac,-20.5167,57.5167,24.21,76,40,4.17,MU,1621916889
Poso,-1.3959,120.7524,30.58,66,57,2.42,ID,1621917379
Nago,26.5881,127.9761,26.48,81,100,2.66,JP,1621916846
Great Yarmouth,52.6083,1.7305,7.62,90,15,5.94,GB,1621917380
Longyearbyen,78.2186,15.6401,-3.09,68,75,4.12,SJ,1621916843
Birao,10.2849,22.7882,26.19,48,100,1.72,CF,1621916938
Bengkulu,-3.8004,102.2655,29.23,69,51,1.98,ID,1621916915
Sena Madureira,-9.0656,-68.6569,17.88,99,83,0.98,BR,1621917365
Hong Kong,22.2855,114.1577,29.19,81,17,0.45,HK,1621916818
Beidao,34.5686,105.8933,21.71,49,100,6.98,CN,1621917381
Laguna,38.421,-121.4238,21.22,52,1,1.79,US,1621916801
Cap Malheureux,-19.9842,57.6142,24.7,71,8,1.79,MU,1621917381
Lázaro Cárdenas,17.9583,-102.2,25.58,70,4,1.59,MX,1621917381
Flin Flon,54.7682,-101.865,10.2,99,100,2.9,CA,1621916833
De Aar,-30.6497,24.0123,11.45,56,100,2.41,ZA,1621917382
Butaritari,3.0707,172.7902,25.42,84,100,3.22,KI,1621917382
George Town,5.4112,100.3354,32.4,69,20,2.06,MY,1621917235
Yanam,16.7333,82.2167,31.22,32,100,3.15,IN,1621917383
Egvekinot,66.3167,-179.1667,1.35,88,100,4.44,RU,1621917313
Tasiilaq,65.6145,-37.6368,0.09,95,100,17.5,GL,1621916841
Nahariya,33.0059,35.0941,22.95,54,1,0.77,IL,1621917383
Ladário,-19.0047,-57.6017,16.98,43,61,0.73,BR,1621917384
Berlevåg,70.8578,29.0864,3.0,69,75,1.92,NO,1621916857
Labuan,5.2767,115.2417,30.89,70,20,2.24,MY,1621917384
Beyla,8.6833,-8.6333,20.33,98,100,0.58,GN,1621917384
Tomatlán,19.9333,-105.25,22.68,81,0,0.68,MX,1621917385
Chapais,49.7834,-74.8492,6.88,59,82,3.42,CA,1621916868
Saldanha,-33.0117,17.9442,15.03,93,98,2.26,ZA,1621916803
Yumen,40.2833,97.2,24.15,8,100,6.13,CN,1621916863
Hamilton,39.1834,-84.5333,21.4,77,1,1.93,US,1621917246
Muzhi,65.3667,64.6667,8.83,40,100,3.52,RU,1621917385
Vostok,46.4856,135.8833,12.85,48,99,4.38,RU,1621916827
Lebu,-37.6167,-73.65,11.8,90,61,1.22,CL,1621916794
Barcelona,41.3888,2.159,15.97,80,75,0.45,ES,1621917364
Shizunai-furukawachō,42.3339,142.3669,13.05,82,63,6.01,JP,1621917386
Hambantota,6.1241,81.1185,26.19,79,90,11.07,LK,1621917386
Barrow,71.2906,-156.7887,-2.99,80,90,3.6,US,1621917387
Khatanga,71.9667,102.5,0.52,100,100,4.21,RU,1621916807
Carnarvon,-24.8667,113.6333,20.04,37,0,8.23,AU,1621916810
Husavik,66.0449,-17.3389,2.95,80,19,3.09,IS,1621917387
Green River,41.5286,-109.4662,9.47,49,20,5.83,US,1621917387
Cuamba,-14.8031,36.5372,13.41,83,0,1.97,MZ,1621917388
Trairi,-3.2778,-39.2689,25.44,84,89,4.21,BR,1621916887
Kouango,4.9934,19.9619,22.28,83,18,1.8,CF,1621917388
Fortuna,40.5982,-124.1573,14.45,62,90,0.0,US,1621917389
Cabo San Lucas,22.8909,-109.9124,24.7,57,0,4.09,MX,1621916598
Nokaneng,-19.6667,22.2667,9.69,53,0,2.45,BW,1621917389
Plettenberg Bay,-34.0527,23.3716,15.73,69,100,1.3,ZA,1621917389
Kumul,42.8,93.45,28.06,11,0,2.54,CN,1621916920
Carutapera,-1.195,-46.02,25.48,90,98,2.81,BR,1621916914
Ishigaki,24.3448,124.1572,31.07,70,40,5.14,JP,1621917390
Rio Grande,-32.035,-52.0986,11.3,75,2,6.3,BR,1621917390
Naze,28.3667,129.4833,19.51,73,100,2.02,JP,1621916801
Upernavik,72.7868,-56.1549,-3.55,74,69,1.9,GL,1621916820
Port Shepstone,-30.7414,30.455,16.64,44,53,3.32,ZA,1621917391
Deputatsky,69.3,139.9,9.41,46,92,4.2,RU,1621916880
Aripuanã,-9.1667,-60.6333,22.97,95,100,1.2,BR,1621916795
Touros,-5.1989,-35.4608,22.5,79,100,5.02,BR,1621917391
Port Macquarie,-31.4333,152.9167,20.45,59,43,3.68,AU,1621917391
Provideniya,64.3833,-173.3,6.06,61,0,11.0,RU,1621916819
Crotone,39.0851,17.1178,19.4,64,29,1.62,IT,1621917392
Castro,-24.7911,-50.0119,6.3,73,92,0.64,BR,1621917392
Itarema,-2.9248,-39.9167,25.12,87,88,5.45,BR,1621917392
Humaitá,-7.5061,-63.0208,23.14,99,91,1.68,BR,1621916905
Ponta do Sol,32.6667,-17.1,18.63,81,40,3.09,PT,1621916799
Mana,5.6592,-53.7767,23.74,98,100,2.19,GF,1621917393
Bara,10.3744,10.7288,25.95,70,53,2.28,NG,1621917393
Lumphat,13.4878,106.9816,26.83,85,100,2.09,KH,1621917393
Cayenne,4.9333,-52.3333,25.05,91,75,0.45,GF,1621916923
Fairbanks,64.8378,-147.7164,19.93,28,1,0.0,US,1621917109
San Cristobal,7.7669,-72.225,18.89,92,93,1.28,VE,1621917394
Guaymas,27.9333,-110.9,23.32,38,3,2.9,MX,1621917394
Hirara,24.8,125.2833,32.15,66,40,5.66,JP,1621917395
Mar del Plata,-38.0023,-57.5575,12.1,50,0,3.58,AR,1621917105
Novorzhev,57.0294,29.3338,10.95,81,75,1.14,RU,1621917395
Pevek,69.7008,170.3133,0.67,91,100,1.13,RU,1621916813
Islamkot,24.6997,70.177,36.77,28,0,7.18,PK,1621917396
Puerto Maldonado,-12.6,-69.1833,17.66,71,96,0.81,PE,1621917396
Salalah,17.0151,54.0924,29.05,70,75,5.14,OM,1621916914
Mersing,2.4312,103.8405,31.95,74,40,6.17,MY,1621916935
Harper,4.375,-7.7169,26.27,86,72,3.43,LR,1621916825
Dukat,62.55,155.55,4.42,59,92,5.02,RU,1621917397
Gambēla,8.25,34.5833,23.83,87,77,1.68,ET,1621917397
Celestún,20.8667,-90.4,26.26,76,32,6.78,MX,1621917397
Buala,-8.145,159.5921,28.2,76,100,2.48,SB,1621917398
Mezen',65.8522,44.24,2.29,94,100,4.74,RU,1621917398
Muhafazat Lahij,13.1667,44.5833,28.76,51,13,0.79,YE,1621917398
Āsbe Teferī,9.0833,40.8667,20.09,63,5,2.06,ET,1621917398
Kruisfontein,-34.0033,24.7314,13.27,74,97,1.76,ZA,1621917399
Aklavik,68.2191,-135.0107,7.46,63,27,5.55,CA,1621916898
Swellendam,-34.0226,20.4417,11.21,73,100,0.9,ZA,1621917399
Mbandaka,0.0487,18.2603,21.52,87,24,1.09,CD,1621917399
Oudtshoorn,-33.5907,22.2014,11.2,63,95,0.31,ZA,1621917400
Comodoro Rivadavia,-45.8667,-67.5,7.92,39,20,7.72,AR,1621916895
Suez,29.9737,32.5263,21.97,61,0,4.43,EG,1621917400
Stawell,-37.05,142.7667,12.12,91,100,8.12,AU,1621917401
Chumikan,54.7183,135.315,0.4,99,100,9.45,RU,1621917401
Daitari,21.1,85.75,22.24,75,100,10.24,IN,1621917401
Mackenzie,55.2999,-123.1698,15.12,51,75,1.54,CA,1621917402
Sisimiut,66.9395,-53.6735,2.79,51,98,4.59,GL,1621917402
Iqaluit,63.7506,-68.5145,-8.5,61,20,8.05,CA,1621916802
Sonoita,31.85,-112.8333,26.96,16,1,2.29,MX,1621917402
Danilov,58.1908,40.1717,12.81,66,1,3.54,RU,1621917403
Moree,-29.4667,149.85,23.01,35,0,4.12,AU,1621916854
Ancud,-41.8697,-73.8203,7.53,75,97,2.42,CL,1621916807
Victoria Point,-27.5833,153.3,23.24,65,45,2.24,AU,1621917403
Faanui,-16.4833,-151.75,27.29,74,100,3.09,PF,1621917403
Verāval,20.9,70.3667,30.46,66,15,6.95,IN,1621917362
Sur,22.5667,59.5289,35.0,39,1,4.0,OM,1621916852
La Ronge,55.1001,-105.2842,9.14,93,90,6.17,CA,1621916901
Rome,43.2128,-75.4557,15.4,78,1,0.0,US,1621916813
Chui,-33.6971,-53.4616,10.52,78,0,5.49,UY,1621917404
Bukoba,-1.3317,31.8122,19.5,76,5,2.65,TZ,1621917405
Beringovskiy,63.05,179.3167,0.34,97,100,5.14,RU,1621916930
Pedernales,18.0384,-71.744,26.58,73,23,1.92,DO,1621917405
Bertoua,4.5833,13.6833,19.74,96,27,0.69,CM,1621917405
Karratha,-20.7377,116.8463,25.55,31,54,9.5,AU,1621917406
Gizo Government Station,-8.103,156.8419,27.66,82,100,8.09,SB,1621917406
Jinzhou,41.1078,121.1417,22.95,12,57,4.58,CN,1621917406
Paphos,34.7667,32.4167,21.88,43,0,2.57,CY,1621917407
Maceió,-9.6658,-35.7353,21.69,73,0,2.79,BR,1621916926
Manyana,-23.4,21.7167,10.22,57,87,3.26,BW,1621917407
Cherskiy,68.75,161.3,11.81,44,100,4.7,RU,1621916826
Olafsvik,64.8945,-23.7142,6.45,81,100,5.73,IS,1621917408
Santa Cruz de la Sierra,-17.8,-63.1667,12.7,51,100,0.96,BO,1621917408
Saint-Augustin,51.226,-58.6502,6.05,57,83,9.37,CA,1621916833
Narsaq,60.9167,-46.05,6.12,97,100,3.37,GL,1621916877
Strezhevoy,60.7333,77.5889,7.99,77,100,3.66,RU,1621917127
Awjilah,29.1081,21.2869,25.29,12,0,3.14,LY,1621917409
Nantucket,41.2835,-70.0995,10.1,66,1,7.2,US,1621916867
Punghina,44.2819,22.9347,15.13,85,76,4.0,RO,1621917409
San Carlos,9.6612,-68.5827,24.24,89,71,1.15,VE,1621917409
San Ignacio,17.1561,-89.0714,25.08,99,0,1.28,BZ,1621917410
Esperance,-33.8667,121.9,14.91,64,100,5.2,AU,1621917410
Alta Floresta,-9.8756,-56.0861,22.76,80,32,1.83,BR,1621917410
Pemba,-12.974,40.5178,20.39,83,20,5.14,MZ,1621917411
Westport,41.1415,-73.3579,12.82,59,1,0.45,US,1621917411
Kawalu,-7.3817,108.2082,30.53,56,90,1.83,ID,1621917411
Aasiaat,68.7098,-52.8699,5.01,45,100,10.78,GL,1621917411
Talcahuano,-36.7167,-73.1167,8.82,100,75,1.03,CL,1621916885
Zelenogradsk,54.9589,20.4767,12.03,85,0,5.43,RU,1621917412
Road Town,18.4167,-64.6167,26.46,76,3,6.46,VG,1621917209
Bantry,51.6833,-9.45,8.71,85,100,5.62,IE,1621917412
Tuktoyaktuk,69.4541,-133.0374,-1.0,100,90,4.12,CA,1621917413
Fanai,38.517,44.9745,18.42,53,69,1.16,IR,1621917413
Arroyo de la Encomienda,41.6096,-4.7969,6.17,80,0,3.36,ES,1621917413
Mehtar Lām,34.6714,70.2094,28.4,14,0,1.48,AF,1621917413
Santa Catalina,9.3337,122.8637,29.99,65,100,2.42,PH,1621917414
Mayo,38.8876,-76.5119,13.9,79,90,2.68,US,1621917414
Valparaíso,-33.0393,-71.6273,11.8,68,0,5.14,CL,1621917405
Ixtapa,20.7,-105.2,23.57,88,1,0.0,MX,1621916888
Fengzhen,40.4394,113.1536,22.85,17,21,12.69,CN,1621917415
Ken Caryl,39.5773,-105.1169,13.8,52,31,0.45,US,1621917415
Dunedin,-45.8742,170.5036,9.89,61,0,2.68,NZ,1621917147
Novy Urengoy,66.0833,76.6333,3.41,45,53,2.64,RU,1621917324
Beloha,-25.1667,45.05,16.15,89,10,2.72,MG,1621916918
Hualmay,-11.0964,-77.6139,17.45,89,14,2.57,PE,1621917416
Arraial do Cabo,-22.9661,-42.0278,21.02,66,99,8.67,BR,1621917416
Ust-Nera,64.5667,143.2,12.39,39,100,1.7,RU,1621917416
Nikolayevka,53.1257,47.2041,17.07,67,97,2.97,RU,1621917417
Namatanai,-3.6667,152.4333,27.15,84,99,2.91,PG,1621916843
Igbo-Ora,7.4333,3.2833,23.73,94,94,1.2,NG,1621917417
Kaduqli,11.0167,29.7167,28.52,55,62,4.06,SD,1621917417
Rantepao,-2.9701,119.8978,27.62,67,35,1.65,ID,1621917418
Tarko-Sale,64.9225,77.785,5.56,49,73,3.07,RU,1621917126
Joliette,46.0168,-73.4492,11.37,74,62,2.91,CA,1621917301
Hobyo,5.3505,48.5268,27.2,69,75,8.99,SO,1621917418
Erzin,36.9559,36.2,22.22,52,3,1.44,TR,1621917418
Siniscola,40.5719,9.6922,14.75,85,0,4.13,IT,1621916932
Van,38.4924,43.3831,13.64,67,40,1.03,TR,1621917419
Lagoa,39.05,-27.9833,16.68,75,100,4.88,PT,1621917419
Port Elizabeth,-33.918,25.5701,14.16,94,0,2.06,ZA,1621916650
Bodri,23.1667,81.4333,35.25,15,93,8.55,IN,1621917420
Qaqortoq,60.7167,-46.0333,6.28,99,100,3.16,GL,1621917420
Puerto Nariño,-3.7703,-70.3831,22.97,97,76,1.52,CO,1621917420
Warrington,53.3925,-2.5802,9.05,94,100,2.68,GB,1621917420
Havre-St-Pierre,50.2334,-63.5986,4.3,87,20,4.63,CA,1621917421
Micheweni,-4.9667,39.8333,26.32,69,10,7.41,TZ,1621917421
Caconda,-13.7333,15.0667,9.19,63,14,2.69,AO,1621917421
Barinas,8.6226,-70.2075,27.02,89,98,1.03,VE,1621917422
Pāveh,35.0434,46.3565,17.11,31,14,5.37,IR,1621917422
Farafangana,-22.8167,47.8333,18.81,85,25,0.57,MG,1621916934
Mitú,1.1983,-70.1733,21.87,99,53,0.33,CO,1621916930
Cam Ranh,11.9214,109.1591,24.98,84,75,1.05,VN,1621917423
Batagay-Alyta,67.8006,130.4114,12.47,35,29,3.84,RU,1621916834
Lavrentiya,65.5833,-171.0,2.08,82,27,5.52,RU,1621916835
Wenling,28.3669,121.36,21.14,82,99,2.12,CN,1621917423
Kaitangata,-46.2817,169.8464,7.18,75,0,1.46,NZ,1621917423
San Pedro Buenavista,16.0833,-93.1167,25.83,93,100,0.99,MX,1621917424
Manisa Province,38.8333,28.1667,12.71,44,10,1.44,TR,1621917424
Merauke,-8.4667,140.3333,27.93,74,78,5.5,ID,1621917424
New Iberia,30.0035,-91.8187,21.88,94,1,1.54,US,1621917425
Hithadhoo,-0.6,73.0833,29.12,70,100,7.75,MV,1621917425
Yoichi,43.2039,140.7703,17.24,83,50,4.02,JP,1621917425
Port Lincoln,-34.7333,135.8667,14.3,62,62,10.27,AU,1621917426
Beba,22.4437,-79.7253,21.15,79,22,3.29,CU,1621917426
Shimoda,34.6667,138.95,25.29,69,83,4.48,JP,1621916886
Kiama,-34.6833,150.8667,21.96,63,100,3.13,AU,1621917426
Geraldton,-28.7667,114.6,19.23,45,0,4.81,AU,1621917427
Yangi Marg`ilon,40.4272,71.7189,25.39,36,99,1.03,UZ,1621917427
Matara,5.9485,80.5353,26.58,87,100,7.06,LK,1621916849
Ariquemes,-9.9133,-63.0408,20.33,99,88,0.96,BR,1621917427
Altay,47.8667,88.1167,23.73,24,56,1.91,CN,1621916898
Miyako,39.6367,141.9525,21.31,44,86,2.29,JP,1621917428
Barra do Corda,-5.5,-45.25,23.03,87,100,0.49,BR,1621917428
Stornoway,58.2093,-6.3865,7.9,87,75,7.72,GB,1621917428
La Sarre,48.8002,-79.1996,10.5,68,91,3.73,CA,1621917429
Yabrūd,33.9674,36.6574,10.81,30,0,4.91,SY,1621917429
Fatehpur,25.9333,80.8,37.55,14,100,7.3,IN,1621917429
Bauchi,10.5,10.0,23.96,68,90,1.02,NG,1621917430
Diamantina,-18.2494,-43.6003,17.04,79,73,0.87,BR,1621917430
Vanavara,60.34,102.2797,5.09,88,100,5.32,RU,1621917430
Half Moon Bay,37.4636,-122.4286,13.42,91,1,0.45,US,1621917431
Codrington,-38.2667,141.9667,14.35,80,98,7.89,AU,1621917431
Palana,59.1167,159.9667,2.07,82,78,8.31,RU,1621917431
Sawākin,19.1059,37.3321,29.62,57,0,2.54,SD,1621917432
Tuatapere,-46.1333,167.6833,9.9,66,3,0.63,NZ,1621916899
Bonfim,3.0833,-59.95,24.48,89,100,2.84,BR,1621917432
Viedma,-40.8135,-62.9967,11.44,43,27,11.63,AR,1621917432
Voh,-20.9667,164.7,23.12,56,6,5.56,NC,1621917433
Sinjār,36.3209,41.8754,25.04,26,49,4.42,IQ,1621917433
Azua,18.4532,-70.7349,25.46,83,18,1.87,DO,1621917433
Asău,46.4333,26.4,12.92,78,34,1.38,RO,1621916856
Mapiripán,2.8892,-72.1256,23.53,95,98,0.74,CO,1621916839
Raahe,64.6833,24.4833,5.05,79,99,1.56,FI,1621917434
Montevideo,-34.8335,-56.1674,9.84,79,0,6.74,UY,1621917191
Kaa-Khem,51.6833,94.7333,15.74,47,64,6.79,RU,1621917434
Lorengau,-2.0226,147.2712,27.51,85,99,5.62,PG,1621916868
Voyvozh,62.892,54.9635,10.93,79,71,4.04,RU,1621917435
Marawi,7.9986,124.2928,24.84,83,99,2.54,PH,1621917435
Taltal,-25.4,-70.4833,15.96,75,70,1.24,CL,1621917435
Russell,32.3502,-85.1999,21.51,65,92,1.34,US,1621917435
Katsuura,35.1333,140.3,25.49,69,67,4.32,JP,1621917436
Shache,38.4167,77.2406,26.06,11,79,3.13,CN,1621917436
Bambous Virieux,-20.3428,57.7575,24.14,68,40,4.67,MU,1621917436
Yelizovo,53.1873,158.3805,13.08,38,51,7.0,RU,1621917437
Nemuro,43.3236,145.575,14.24,98,100,7.33,JP,1621917437
Saskylakh,71.9167,114.0833,12.06,59,50,4.97,RU,1621917437
Koutiala,12.3917,-5.4642,28.77,50,77,3.99,ML,1621917438
Atikokan,48.7555,-91.6216,15.04,98,39,2.69,CA,1621917438
Quelimane,-17.8786,36.8883,18.97,88,75,0.0,MZ,1621917438
Kavaratti,10.5669,72.642,28.81,74,100,6.72,IN,1621917439
Sumbe,-11.2061,13.8437,23.22,74,42,1.6,AO,1621917439
Bukachacha,52.9833,116.9167,8.83,60,100,2.61,RU,1621917439
Kroya,-7.6331,109.2461,29.55,70,99,2.56,ID,1621917440
Honiara,-9.4333,159.95,27.52,83,99,0.9,SB,1621917440
Norman Wells,65.282,-126.8329,13.02,38,20,1.54,CA,1621917440
Mata,40.683,-7.4592,8.27,91,1,2.61,PT,1621917441
Shingū,33.7333,135.9833,21.06,43,25,5.23,JP,1621916924
Airai,-8.9266,125.4092,21.99,64,62,1.7,TL,1621916900
Nadvoitsy,63.8667,34.3167,1.31,98,100,3.76,RU,1621917192
Waitati,-45.75,170.5667,9.89,76,0,3.08,NZ,1621917441
Ngunguru,-35.6167,174.5,16.2,73,100,12.42,NZ,1621916900
Ulaangom,49.9811,92.0667,20.77,25,62,6.19,MN,1621917442
Novoselitskoye,44.7508,43.4369,15.93,94,100,4.34,RU,1621917442
Acaraú,-2.8856,-40.12,25.18,88,83,5.91,BR,1621917442
Puerto Escondido,15.85,-97.0667,28.09,77,84,2.21,MX,1621917443
Paamiut,61.994,-49.6678,-0.43,95,100,12.88,GL,1621916868
Songjianghe,42.1859,127.479,10.99,63,100,3.28,CN,1621917443
Tabuk,17.4189,121.4443,34.85,43,7,2.62,PH,1621917443
San Pedro del Pinatar,37.8357,-0.791,16.58,56,91,0.83,ES,1621917444
Roald,62.5833,6.1333,9.97,93,0,0.0,NO,1621917444
Garden City,42.3256,-83.331,19.26,87,75,2.44,US,1621917342
Sorong,-0.8833,131.25,27.14,87,72,6.01,ID,1621917444
Tromsø,69.6496,18.957,5.11,65,75,0.45,NO,1621917188
Yar-Sale,66.8333,70.8333,3.88,44,47,2.36,RU,1621917445
Am Timan,11.0297,20.2827,30.58,33,82,2.16,TD,1621917445
Sai Buri,6.7013,101.6168,31.84,55,85,2.36,TH,1621917446
Haines Junction,60.7522,-137.5108,6.97,93,97,1.54,CA,1621916913
Camopi,3.1655,-52.3158,22.26,99,91,0.25,GF,1621917446
Broome,42.2506,-75.833,14.49,93,90,0.45,US,1621917447
Shenjiamen,29.9576,122.298,21.88,71,98,2.82,CN,1621917447
Bac Lieu,9.285,105.7244,27.09,83,100,4.02,VN,1621916919
Tambun,-6.2641,107.0712,31.35,56,20,3.25,ID,1621917447
Tiznit Province,29.5833,-9.5,17.59,55,45,0.88,MA,1621917448
Coquimbo,-29.9533,-71.3436,10.85,68,0,1.42,CL,1621917448
Menzelinsk,55.7271,53.1026,18.58,69,98,4.33,RU,1621917448
Mocuba,-16.8392,36.9856,17.27,78,84,2.19,MZ,1621917449
Fortuna Foothills,32.6578,-114.4119,27.94,14,1,2.47,US,1621916853
Loreto,22.2667,-101.9667,20.18,58,36,7.21,MX,1621917449
Sungai Penuh,-2.0833,101.3833,24.95,77,52,0.92,ID,1621917449
Barcelos,41.5388,-8.6151,10.29,88,2,2.53,PT,1621917450
Mitsamiouli,-11.3847,43.2844,25.81,64,21,3.21,KM,1621917450
Rawson,-43.3002,-65.1023,9.21,46,1,14.18,AR,1621917413
Chicama,-7.8447,-79.1469,19.09,88,24,1.64,PE,1621917450
Padang,-0.9492,100.3543,31.03,68,63,2.35,ID,1621917451
Tombouctou,20.0,-3.0,33.05,19,83,4.97,ML,1621917451
Lethem,3.3803,-59.7968,23.97,92,100,3.81,GY,1621917451
Otradnoye,59.7775,30.8181,9.28,75,96,1.74,RU,1621917452
Constitución,-35.3333,-72.4167,12.26,84,7,2.88,CL,1621916907
Muyezerskiy,63.9333,31.65,2.59,84,98,3.65,RU,1621917452
Kishtwār,33.3167,75.7667,22.29,31,0,1.1,IN,1621917452
General Pico,-35.6566,-63.7568,10.13,56,21,3.56,AR,1621917453
Namikupa,-10.8333,39.6,19.23,75,51,2.34,TZ,1621917453
Acajutiba,-11.6622,-38.0172,19.89,95,98,2.03,BR,1621917453
Los Llanos de Aridane,28.6585,-17.9182,16.18,78,75,8.3,ES,1621917287
Rincon,32.296,-81.2354,23.1,65,1,2.29,US,1621917454
Lüderitz,-26.6481,15.1594,17.23,69,100,4.99,NA,1621917454
Owando,-0.4819,15.8999,21.64,88,9,0.58,CG,1621917454
Ilulissat,69.2167,-51.1,7.01,33,75,8.75,GL,1621917455
Porbandar,21.6422,69.6093,31.99,66,40,7.2,IN,1621917455
Aberdeen,57.1437,-2.0981,8.06,100,90,2.57,GB,1621917455
Māngrol,21.1167,70.1167,30.28,67,33,6.2,IN,1621917456
General Roca,-39.0333,-67.5833,12.22,60,50,6.72,AR,1621917456
Zhumadian,32.9794,114.0294,26.52,39,100,3.07,CN,1621917456
At-Bashi,41.1702,75.8106,16.45,31,99,0.73,KG,1621917457
Palmer,42.1584,-72.3287,10.52,62,1,1.79,US,1621917292
Tucumã,-0.1833,-50.05,24.59,93,89,2.69,BR,1621917457
São Félix do Xingu,-6.6447,-51.995,21.29,89,5,0.7,BR,1621917457
Grand Gaube,-20.0064,57.6608,24.65,71,9,1.79,MU,1621917458
Hasaki,35.7333,140.8333,26.63,60,48,3.3,JP,1621917458
Petropavlovsk-Kamchatskiy,53.0452,158.6483,12.33,65,22,3.88,RU,1621917369
Tete,-16.1564,33.5867,11.05,93,0,0.0,MZ,1621917458
Tongren,27.7172,109.1853,19.54,89,99,0.36,CN,1621917459
Port Hardy,50.6996,-127.4199,10.1,81,75,3.6,CA,1621917459
Wattegama,6.7989,81.4808,25.51,67,100,6.26,LK,1621917459
Aksu,41.1231,80.2644,24.65,16,100,1.98,CN,1621916919
Fushun,41.8558,123.9233,19.84,17,11,5.63,CN,1621917460
Nome,64.5011,-165.4064,18.03,32,1,5.66,US,1621916890
Nanortalik,60.1432,-45.2371,1.23,99,100,7.78,GL,1621917460
Tigzirt,36.8886,4.1198,15.88,70,93,2.45,DZ,1621917461
São José da Coroa Grande,-8.8978,-35.1478,24.08,74,79,2.36,BR,1621917461
Krasnoshchekovo,51.6708,82.7289,23.26,45,22,1.7,RU,1621917461
Mananara,-16.1667,49.7667,22.57,74,24,2.86,MG,1621917462
Zhigansk,66.7697,123.3711,11.98,27,100,3.61,RU,1621917462
Kandi,11.1342,2.9386,27.36,59,96,2.95,BJ,1621917462
Yulara,-25.2406,130.9889,18.91,27,0,4.63,AU,1621916894
Quang Ngai,15.1167,108.8,32.79,58,97,5.16,VN,1621917463
Adrar,20.5022,-10.0711,27.84,20,50,4.31,MR,1621917463
Konin,52.2234,18.2512,11.14,95,100,4.01,PL,1621917463
Jhudo,24.964,69.2968,36.63,32,1,9.57,PK,1621917463
Gao,16.6362,1.637,31.11,28,7,2.67,ML,1621917464
Ola,59.5833,151.2833,4.89,75,57,3.55,RU,1621917464
Kununurra,-15.7667,128.7333,32.99,33,31,3.6,AU,1621917464
Hervey Bay,-25.2986,152.8535,23.9,59,26,2.24,AU,1621917465
Tura,25.5198,90.2201,30.7,59,99,1.1,IN,1621916935
Khorixas,-20.3667,14.9667,16.21,42,0,6.08,NA,1621917465
College,64.8569,-147.8028,19.27,23,40,2.06,US,1621917465
Polewali,-3.4324,119.3435,30.45,69,24,1.08,ID,1621917251
Wanning,18.8003,110.3967,31.3,67,100,4.09,CN,1621917466
Tefé,-3.3542,-64.7114,24.37,82,40,0.77,BR,1621917466
Waipawa,-41.4122,175.5153,8.92,76,64,3.37,NZ,1621917467
Juruti,-2.1522,-56.0922,24.78,89,83,1.32,BR,1621917467
Watsa,3.0372,29.5355,18.26,95,75,0.71,CD,1621917467
Vestmannaeyjar,63.4427,-20.2734,6.42,73,94,7.38,IS,1621916884
Itambacuri,-18.0311,-41.685,23.3,66,100,1.8,BR,1621917468
Pervomayskiy,53.2485,40.2871,14.38,75,80,3.71,RU,1621916932
Evensk,61.95,159.2333,6.98,71,100,7.46,RU,1621916914
Floriano,-6.7669,-43.0225,24.03,48,100,1.52,BR,1621917468
Shirokiy,49.758,129.523,15.71,37,59,5.05,RU,1621917468
Tha Chang,9.2642,99.1922,31.01,70,20,6.03,TH,1621917469
Kailua,21.4022,-157.7394,25.64,78,75,2.57,US,1621917469
Taraz,42.9,71.3667,26.23,29,19,3.0,KZ,1621917469
Hamada,34.8833,132.0833,25.4,48,85,11.29,JP,1621917470
Mayumba,-3.432,10.6554,25.15,91,74,3.29,GA,1621917470
Gerāsh,27.6652,54.1371,29.08,12,2,0.48,IR,1621917470
Mikuni,36.2171,136.1519,19.95,60,87,2.81,JP,1621917471
Bagdarin,54.4333,113.6,12.12,29,74,1.07,RU,1621917471
Maslovka,51.5535,39.2357,17.29,65,55,4.27,RU,1621917471
Maniitsoq,65.4167,-52.9,0.1,82,100,9.01,GL,1621916873
Puerto El Triunfo,13.2833,-88.55,27.09,85,98,2.07,SV,1621917472
Blackwater,-23.5833,148.8833,23.02,51,87,1.72,AU,1621917374
Shahrud,36.4182,54.9763,23.18,27,4,1.42,IR,1621917472
Singkang,2.1006,102.7994,30.94,59,32,2.36,MY,1621917472
Luba,3.4568,8.5547,23.94,81,92,1.93,GQ,1621917473
Meulaboh,4.1363,96.1285,29.79,67,99,1.27,ID,1621916883
Kayerkan,69.3497,87.7602,-2.21,87,100,9.75,RU,1621917473
Erbil,36.1926,44.0106,25.9,29,75,3.6,IQ,1621917473
Chlórakas,34.8042,32.4083,21.49,47,0,3.23,CY,1621917474
Idrinskoye,54.3708,92.1358,17.49,54,100,6.08,RU,1621917474
Itaituba,-4.2761,-55.9836,23.22,92,44,0.91,BR,1621917474
Ostrovnoy,68.0531,39.5131,1.68,69,63,5.82,RU,1621917475
Baker City,44.7749,-117.8344,8.82,87,1,1.54,US,1621917451
Labuhan,-6.8844,112.2051,30.84,63,28,3.29,ID,1621917475
Kahului,20.8947,-156.47,26.61,75,40,3.09,US,1621916904
Palauig,15.435,119.9045,30.66,64,7,3.52,PH,1621917476
Pangkalanbuun,-2.6833,111.6167,34.51,46,53,1.62,ID,1621917322
Matagami,49.7502,-77.6328,15.06,59,90,4.07,CA,1621917476
Ankazoabo,-22.2833,44.5167,19.42,62,3,1.59,MG,1621917476
Inhambane,-23.865,35.3833,16.99,88,40,0.0,MZ,1621917477
Totness,5.8833,-56.3167,25.18,91,100,4.4,SR,1621917477
Santa,17.486,120.4348,32.99,56,3,4.61,PH,1621917477
Guerrero Negro,27.9769,-114.0611,16.46,84,40,4.73,MX,1621917478
Cururupu,-1.8283,-44.8683,24.44,96,87,1.13,BR,1621917478
Ruidoso,33.3317,-105.673,17.1,14,1,4.2,US,1621917478
Chernyshevskiy,63.0128,112.4714,10.48,51,100,3.35,RU,1621917479
Springbok,-29.6643,17.8865,13.32,48,94,0.8,ZA,1621917479
Rettikhovka,44.1683,132.7669,18.59,30,53,3.24,RU,1621917479
Muisne,0.6,-80.0333,24.89,87,99,3.71,EC,1621917480
Bairiki Village,1.3292,172.9752,26.0,82,90,3.11,KI,1621917480
Satun,6.8333,100.0,31.0,61,100,3.65,TH,1621917480
Alexandria,31.2156,29.9553,20.98,88,0,2.06,EG,1621916797
Camacupa,-12.0167,17.4833,8.54,69,0,1.76,AO,1621917481
Aykhal,66.0,111.5,11.5,33,46,6.11,RU,1621917195
Abu Kamal,34.4506,40.9171,26.04,28,5,6.33,SY,1621917481
Antalaha,-14.9003,50.2788,23.3,70,6,2.87,MG,1621917482
Vila Velha,-20.3297,-40.2925,23.62,78,90,3.13,BR,1621917482
Mehamn,71.0357,27.8492,2.97,70,40,1.54,NO,1621917482
Alofi,-19.0595,-169.9187,27.94,83,40,3.6,NU,1621917482
Hammerfest,70.6634,23.6821,3.25,65,75,3.6,NO,1621917483
Adiaké,5.2863,-3.304,26.77,88,92,2.68,CI,1621917483
Yerbogachën,61.2767,108.0108,15.32,21,100,3.59,RU,1621917483
Nhulunbuy,-12.2333,136.7667,30.34,54,40,7.72,AU,1621917484
Emden,53.3667,7.2167,8.37,95,100,6.72,DE,1621917484
Manas,42.7275,47.6785,24.65,73,67,6.47,RU,1621917484
Vao,-22.6667,167.4833,21.98,64,12,9.41,NC,1621917485
Srednekolymsk,67.45,153.6833,14.68,29,6,5.89,RU,1621917485
Luanda,-8.8368,13.2343,26.0,83,75,2.06,AO,1621917243
Anadyr,64.75,177.4833,8.89,60,0,10.8,RU,1621917485
Malakwal,32.5536,73.2123,36.58,15,0,2.53,PK,1621917486
Vievis,54.7667,24.8,12.08,72,100,5.45,LT,1621917486
Colonia Carlos Antonio López,-26.4,-54.7667,6.46,87,26,0.52,PY,1621917486
Quatre Cocos,-20.2078,57.7625,24.49,68,45,4.73,MU,1621917487
Kupang,-10.1667,123.5833,31.32,55,40,5.14,ID,1621917487
Punta Alta,-38.8759,-62.0736,13.7,56,63,9.82,AR,1621917487
Conceição da Barra,-18.5933,-39.7322,23.64,91,100,3.05,BR,1621917488
Bimbo,4.2567,18.4158,22.96,85,0,1.24,CF,1621917488
Kidal,18.4411,1.4078,31.57,28,11,2.63,ML,1621917488
Knysna,-34.0363,23.0471,13.21,67,100,1.29,ZA,1621916893
Nishihara,26.1842,127.7558,25.41,77,90,3.33,JP,1621917489
Arkadelphia,34.1209,-93.0538,21.32,93,40,0.0,US,1621917489
Zhuhai,22.2769,113.5678,28.59,60,40,3.93,CN,1621917489
Myitkyina,25.3833,97.4,34.73,51,66,1.05,MM,1621917490
Jaca,42.569,-0.5499,4.99,73,24,2.18,ES,1621917490
Znamenskoye,57.1281,73.8282,27.89,42,68,5.09,RU,1621917490
Imeni Stepana Razina,54.8932,44.2963,16.44,69,100,2.77,RU,1621917491
Acarí,-15.4311,-74.6158,19.05,69,44,0.47,PE,1621917491
Rørvik,64.8621,11.2373,10.06,81,0,3.09,NO,1621917491
Saint Anthony,45.0205,-93.218,20.99,90,75,4.07,US,1621917491
Lalibela,12.0333,39.0333,20.42,31,4,1.08,ET,1621917492
Fort Nelson,58.8053,-122.7002,7.77,61,75,3.09,CA,1621917492
Dawson Creek,55.7666,-120.2362,15.75,44,1,1.54,CA,1621917492
Campechuela,20.2342,-77.2789,23.28,92,34,5.34,CU,1621917493
Ucluelet,48.9329,-125.5528,11.72,90,100,1.31,CA,1621917400
Simbahan,6.3032,120.5836,29.03,68,47,1.82,PH,1621917493
Fare,-16.7,-151.0167,27.3,73,81,2.91,PF,1621916913
Camocim,-2.9022,-40.8411,24.6,90,96,5.3,BR,1621917494
Caravelas,-17.7125,-39.2481,22.76,90,100,1.27,BR,1621917494
Kristinestad,62.2743,21.376,7.56,73,11,2.67,FI,1621917494
Ndola,-12.9587,28.6366,2.63,88,0,0.89,ZM,1621917299
Sun Valley,39.5963,-119.776,15.44,33,40,4.92,US,1621917320
Omsukchan,62.5333,155.8,5.39,59,100,4.52,RU,1621917496
Ruzhyn,49.7228,29.2046,13.24,81,99,4.16,UA,1621917496
Rāwah,34.4816,41.9093,27.71,23,57,7.39,IQ,1621917497
Lompoc,34.6391,-120.4579,13.43,82,1,3.09,US,1621917497
La Troncal,-2.4,-79.3333,22.95,96,73,0.52,EC,1621917497
Weyburn,49.6668,-103.8511,13.12,67,80,5.66,CA,1621917498
